League,Date,Fixture,NewResults,DAY,MONTH,YEAR
EPL,2018-08-10,Manchester United V Leicester City,Draw,10,Aug,2018
EPL,2018-08-11,Newcastle United V Tottenham Hotspur,Draw,11,Aug,2018
EPL,2018-08-11,Bournemouth V Cardiff City,Home Win,11,Aug,2018
EPL,2018-08-11,Fulham V Crystal Palace,Draw,11,Aug,2018
EPL,2018-08-11,Huddersfield Town V Chelsea,Away Win,11,Aug,2018
EPL,2018-08-11,Watford V Brighton and Hove Albion,Home Win,11,Aug,2018
EPL,2018-08-11,Wolverhampton Wanderers V Everton,Draw,11,Aug,2018
EPL,2018-08-12,Liverpool V West Ham United,Home Win,12,Aug,2018
EPL,2018-08-12,Southampton V Burnley,Draw,12,Aug,2018
EPL,2018-08-12,Arsenal V Manchester City,Draw,12,Aug,2018
EPL,2018-08-18,Cardiff City V Newcastle United,Home Win,18,Aug,2018
EPL,2018-08-18,Everton V Southampton,Home Win,18,Aug,2018
EPL,2018-08-18,Leicester City V Wolverhampton Wanderers,Draw,18,Aug,2018
EPL,2018-08-18,Tottenham Hotspur V Fulham,Home Win,18,Aug,2018
EPL,2018-08-18,West Ham United V Bournemouth,Draw,18,Aug,2018
EPL,2018-08-18,Chelsea V Arsenal,Home Win,18,Aug,2018
EPL,2018-08-19,Burnley V Watford,Draw,19,Aug,2018
EPL,2018-08-19,Manchester City V Huddersfield Town,Home Win,19,Aug,2018
EPL,2018-08-19,Brighton and Hove Albion V Manchester United,Draw,19,Aug,2018
EPL,2018-08-20,Crystal Palace V Liverpool,Draw,20,Aug,2018
EPL,2018-08-25,Wolverhampton Wanderers V Manchester City,Away Win,25,Aug,2018
EPL,2018-08-25,Arsenal V West Ham United,Home Win,25,Aug,2018
EPL,2018-08-25,Bournemouth V Everton,Draw,25,Aug,2018
EPL,2018-08-25,Fulham V Burnley,Draw,25,Aug,2018
EPL,2018-08-25,Huddersfield Town V Cardiff City,Draw,25,Aug,2018
EPL,2018-08-25,Southampton V Leicester City,Draw,25,Aug,2018
EPL,2018-08-25,Liverpool V Brighton and Hove Albion,Home Win,25,Aug,2018
EPL,2018-08-26,Watford V Crystal Palace,Draw,26,Aug,2018
EPL,2018-08-26,Newcastle United V Chelsea,Draw,26,Aug,2018
EPL,2018-08-27,Manchester United V Tottenham Hotspur,Draw,27,Aug,2018
EPL,2018-09-01,Leicester City V Liverpool,Draw,1,Sep,2018
EPL,2018-09-01,Brighton and Hove Albion V Fulham,Home Win,1,Sep,2018
EPL,2018-09-01,Burnley V Manchester United,Draw,1,Sep,2018
EPL,2018-09-01,Chelsea V Bournemouth,Home Win,1,Sep,2018
EPL,2018-09-01,Crystal Palace V Southampton,Home Win,1,Sep,2018
EPL,2018-09-01,Everton V Huddersfield Town,Home Win,1,Sep,2018
EPL,2018-09-01,West Ham United V Wolverhampton Wanderers,Draw,1,Sep,2018
EPL,2018-09-01,Manchester City V Newcastle United,Home Win,1,Sep,2018
EPL,2018-09-02,Cardiff City V Arsenal,Draw,2,Sep,2018
EPL,2018-09-02,Watford V Tottenham Hotspur,Draw,2,Sep,2018
EPL,2018-09-15,Tottenham Hotspur V Liverpool,Draw,15,Sep,2018
EPL,2018-09-15,Bournemouth V Leicester City,Draw,15,Sep,2018
EPL,2018-09-15,Chelsea V Cardiff City,Home Win,15,Sep,2018
EPL,2018-09-15,Huddersfield Town V Crystal Palace,Away Win,15,Sep,2018
EPL,2018-09-15,Manchester City V Fulham,Home Win,15,Sep,2018
EPL,2018-09-15,Newcastle United V Arsenal,Draw,15,Sep,2018
EPL,2018-09-15,Watford V Manchester United,Draw,15,Sep,2018
EPL,2018-09-16,Wolverhampton Wanderers V Burnley,Draw,16,Sep,2018
EPL,2018-09-16,Everton V West Ham United,Draw,16,Sep,2018
EPL,2018-09-17,Southampton V Brighton and Hove Albion,Home Win,17,Sep,2018
EPL,2018-09-22,Fulham V Watford,Draw,22,Sep,2018
EPL,2018-09-22,Burnley V Bournemouth,Draw,22,Sep,2018
EPL,2018-09-22,Cardiff City V Manchester City,Away Win,22,Sep,2018
EPL,2018-09-22,Crystal Palace V Newcastle United,Home Win,22,Sep,2018
EPL,2018-09-22,Leicester City V Huddersfield Town,Home Win,22,Sep,2018
EPL,2018-09-22,Liverpool V Southampton,Home Win,22,Sep,2018
EPL,2018-09-22,Manchester United V Wolverhampton Wanderers,Draw,22,Sep,2018
EPL,2018-09-22,Brighton and Hove Albion V Tottenham Hotspur,Draw,22,Sep,2018
EPL,2018-09-23,West Ham United V Chelsea,Draw,23,Sep,2018
EPL,2018-09-23,Arsenal V Everton,Home Win,23,Sep,2018
EPL,2018-09-29,West Ham United V Manchester United,Draw,29,Sep,2018
EPL,2018-09-29,Arsenal V Watford,Home Win,29,Sep,2018
EPL,2018-09-29,Everton V Fulham,Home Win,29,Sep,2018
EPL,2018-09-29,Huddersfield Town V Tottenham Hotspur,Away Win,29,Sep,2018
EPL,2018-09-29,Manchester City V Brighton and Hove Albion,Home Win,29,Sep,2018
EPL,2018-09-29,Newcastle United V Leicester City,Draw,29,Sep,2018
EPL,2018-09-29,Wolverhampton Wanderers V Southampton,Home Win,29,Sep,2018
EPL,2018-09-29,Chelsea V Liverpool,Home Win,29,Sep,2018
EPL,2018-09-30,Cardiff City V Burnley,Draw,30,Sep,2018
EPL,2018-10-01,Bournemouth V Crystal Palace,Draw,1,Oct,2018
EPL,2018-10-05,Brighton and Hove Albion V West Ham United,Draw,5,Oct,2018
EPL,2018-10-06,Burnley V Huddersfield Town,Home Win,6,Oct,2018
EPL,2018-10-06,Crystal Palace V Wolverhampton Wanderers,Draw,6,Oct,2018
EPL,2018-10-06,Leicester City V Everton,Draw,6,Oct,2018
EPL,2018-10-06,Tottenham Hotspur V Cardiff City,Home Win,6,Oct,2018
EPL,2018-10-06,Watford V Bournemouth,Draw,6,Oct,2018
EPL,2018-10-06,Manchester United V Newcastle United,Home Win,6,Oct,2018
EPL,2018-10-07,Fulham V Arsenal,Draw,7,Oct,2018
EPL,2018-10-07,Southampton V Chelsea,Draw,7,Oct,2018
EPL,2018-10-07,Liverpool V Manchester City,Draw,7,Oct,2018
EPL,2018-10-20,Chelsea V Manchester United,Home Win,20,Oct,2018
EPL,2018-10-20,Bournemouth V Southampton,Home Win,20,Oct,2018
EPL,2018-10-20,Cardiff City V Fulham,Home Win,20,Oct,2018
EPL,2018-10-20,Manchester City V Burnley,Home Win,20,Oct,2018
EPL,2018-10-20,Newcastle United V Brighton and Hove Albion,Home Win,20,Oct,2018
EPL,2018-10-20,West Ham United V Tottenham Hotspur,Draw,20,Oct,2018
EPL,2018-10-20,Wolverhampton Wanderers V Watford,Draw,20,Oct,2018
EPL,2018-10-20,Huddersfield Town V Liverpool,Away Win,20,Oct,2018
EPL,2018-10-21,Everton V Crystal Palace,Draw,21,Oct,2018
EPL,2018-10-22,Arsenal V Leicester City,Home Win,22,Oct,2018
EPL,2018-10-27,Manchester United V Everton,Draw,27,Oct,2018
EPL,2018-10-27,Brighton and Hove Albion V Wolverhampton Wanderers,Draw,27,Oct,2018
EPL,2018-10-27,Fulham V Bournemouth,Draw,27,Oct,2018
EPL,2018-10-27,Liverpool V Cardiff City,Home Win,27,Oct,2018
EPL,2018-10-27,Southampton V Newcastle United,Home Win,27,Oct,2018
EPL,2018-10-27,Watford V Huddersfield Town,Home Win,27,Oct,2018
EPL,2018-10-27,Leicester City V West Ham United,Draw,27,Oct,2018
EPL,2018-10-28,Burnley V Chelsea,Draw,28,Oct,2018
EPL,2018-10-28,Crystal Palace V Arsenal,Draw,28,Oct,2018
EPL,2018-10-28,Tottenham Hotspur V Manchester City,Away Win,28,Oct,2018
EPL,2018-11-03,Bournemouth V Manchester United,Draw,3,Nov,2018
EPL,2018-11-03,Cardiff City V Leicester City,Draw,3,Nov,2018
EPL,2018-11-03,Everton V Brighton and Hove Albion,Home Win,3,Nov,2018
EPL,2018-11-03,Manchester City V Southampton,Home Win,3,Nov,2018
EPL,2018-11-03,Newcastle United V Watford,Draw,3,Nov,2018
EPL,2018-11-03,West Ham United V Burnley,Draw,3,Nov,2018
EPL,2018-11-03,Arsenal V Liverpool,Home Win,3,Nov,2018
EPL,2018-11-04,Wolverhampton Wanderers V Tottenham Hotspur,Draw,4,Nov,2018
EPL,2018-11-04,Chelsea V Crystal Palace,Home Win,4,Nov,2018
EPL,2018-11-05,Huddersfield Town V Fulham,Draw,5,Nov,2018
EPL,2018-11-10,Cardiff City V Brighton and Hove Albion,Home Win,10,Nov,2018
EPL,2018-11-10,Huddersfield Town V West Ham United,Away Win,10,Nov,2018
EPL,2018-11-10,Leicester City V Burnley,Draw,10,Nov,2018
EPL,2018-11-10,Newcastle United V Bournemouth,Draw,10,Nov,2018
EPL,2018-11-10,Southampton V Watford,Draw,10,Nov,2018
EPL,2018-11-10,Crystal Palace V Tottenham Hotspur,Draw,10,Nov,2018
EPL,2018-11-11,Liverpool V Fulham,Home Win,11,Nov,2018
EPL,2018-11-11,Chelsea V Everton,Home Win,11,Nov,2018
EPL,2018-11-11,Arsenal V Wolverhampton Wanderers,Home Win,11,Nov,2018
EPL,2018-11-11,Manchester City V Manchester United,Home Win,11,Nov,2018
EPL,2018-11-24,Brighton and Hove Albion V Leicester City,Draw,24,Nov,2018
EPL,2018-11-24,Everton V Cardiff City,Home Win,24,Nov,2018
EPL,2018-11-24,Fulham V Southampton,Home Win,24,Nov,2018
EPL,2018-11-24,Manchester United V Crystal Palace,Draw,24,Nov,2018
EPL,2018-11-24,Watford V Liverpool,Draw,24,Nov,2018
EPL,2018-11-24,West Ham United V Manchester City,Away Win,24,Nov,2018
EPL,2018-11-24,Tottenham Hotspur V Chelsea,Draw,24,Nov,2018
EPL,2018-11-25,Bournemouth V Arsenal,Draw,25,Nov,2018
EPL,2018-11-25,Wolverhampton Wanderers V Huddersfield Town,Home Win,25,Nov,2018
EPL,2018-11-26,Burnley V Newcastle United,Home Win,26,Nov,2018
EPL,2018-12-01,Arsenal V Tottenham Hotspur,Home Win,1,Dec,2018
EPL,2018-12-01,Cardiff City V Wolverhampton Wanderers,Draw,1,Dec,2018
EPL,2018-12-01,Chelsea V Fulham,Home Win,1,Dec,2018
EPL,2018-12-01,Crystal Palace V Burnley,Draw,1,Dec,2018
EPL,2018-12-01,Huddersfield Town V Brighton and Hove Albion,Draw,1,Dec,2018
EPL,2018-12-01,Leicester City V Watford,Draw,1,Dec,2018
EPL,2018-12-01,Liverpool V Everton,Home Win,1,Dec,2018
EPL,2018-12-01,Manchester City V Bournemouth,Home Win,1,Dec,2018
EPL,2018-12-01,Newcastle United V West Ham United,Draw,1,Dec,2018
EPL,2018-12-01,Southampton V Manchester United,Draw,1,Dec,2018
EPL,2018-12-04,Bournemouth V Huddersfield Town,Home Win,4,Dec,2018
EPL,2018-12-04,Brighton and Hove Albion V Crystal Palace,Draw,4,Dec,2018
EPL,2018-12-04,Burnley V Liverpool,Draw,4,Dec,2018
EPL,2018-12-04,Fulham V Leicester City,Draw,4,Dec,2018
EPL,2018-12-04,Watford V Manchester City,Away Win,4,Dec,2018
EPL,2018-12-04,West Ham United V Cardiff City,Home Win,4,Dec,2018
EPL,2018-12-04,Wolverhampton Wanderers V Chelsea,Draw,4,Dec,2018
EPL,2018-12-04,Manchester United V Arsenal,Draw,4,Dec,2018
EPL,2018-12-05,Everton V Newcastle United,Home Win,5,Dec,2018
EPL,2018-12-05,Tottenham Hotspur V Southampton,Home Win,5,Dec,2018
EPL,2018-12-08,Arsenal V Huddersfield Town,Home Win,8,Dec,2018
EPL,2018-12-08,Bournemouth V Liverpool,Draw,8,Dec,2018
EPL,2018-12-08,Burnley V Brighton and Hove Albion,Home Win,8,Dec,2018
EPL,2018-12-08,Cardiff City V Southampton,Home Win,8,Dec,2018
EPL,2018-12-08,Chelsea V Manchester City,Draw,8,Dec,2018
EPL,2018-12-08,Everton V Watford,Draw,8,Dec,2018
EPL,2018-12-08,Leicester City V Tottenham Hotspur,Draw,8,Dec,2018
EPL,2018-12-08,Manchester United V Fulham,Home Win,8,Dec,2018
EPL,2018-12-08,Newcastle United V Wolverhampton Wanderers,Draw,8,Dec,2018
EPL,2018-12-08,West Ham United V Crystal Palace,Draw,8,Dec,2018
EPL,2018-12-15,Brighton and Hove Albion V Chelsea,Draw,15,Dec,2018
EPL,2018-12-15,Crystal Palace V Leicester City,Draw,15,Dec,2018
EPL,2018-12-15,Fulham V West Ham United,Draw,15,Dec,2018
EPL,2018-12-15,Huddersfield Town V Newcastle United,Draw,15,Dec,2018
EPL,2018-12-15,Liverpool V Manchester United,Home Win,15,Dec,2018
EPL,2018-12-15,Manchester City V Everton,Home Win,15,Dec,2018
EPL,2018-12-15,Southampton V Arsenal,Draw,15,Dec,2018
EPL,2018-12-15,Tottenham Hotspur V Burnley,Draw,15,Dec,2018
EPL,2018-12-15,Watford V Cardiff City,Home Win,15,Dec,2018
EPL,2018-12-15,Wolverhampton Wanderers V Bournemouth,Draw,15,Dec,2018
EPL,2018-12-22,Arsenal V Burnley,Home Win,22,Dec,2018
EPL,2018-12-22,Bournemouth V Brighton and Hove Albion,Home Win,22,Dec,2018
EPL,2018-12-22,Cardiff City V Manchester United,Draw,22,Dec,2018
EPL,2018-12-22,Chelsea V Leicester City,Home Win,22,Dec,2018
EPL,2018-12-22,Everton V Tottenham Hotspur,Draw,22,Dec,2018
EPL,2018-12-22,Huddersfield Town V Southampton,Draw,22,Dec,2018
EPL,2018-12-22,Manchester City V Crystal Palace,Home Win,22,Dec,2018
EPL,2018-12-22,Newcastle United V Fulham,Home Win,22,Dec,2018
EPL,2018-12-22,West Ham United V Watford,Draw,22,Dec,2018
EPL,2018-12-22,Wolverhampton Wanderers V Liverpool,Draw,22,Dec,2018
EPL,2018-12-26,Brighton and Hove Albion V Arsenal,Draw,26,Dec,2018
EPL,2018-12-26,Burnley V Everton,Draw,26,Dec,2018
EPL,2018-12-26,Crystal Palace V Cardiff City,Home Win,26,Dec,2018
EPL,2018-12-26,Fulham V Wolverhampton Wanderers,Draw,26,Dec,2018
EPL,2018-12-26,Leicester City V Manchester City,Away Win,26,Dec,2018
EPL,2018-12-26,Liverpool V Newcastle United,Home Win,26,Dec,2018
EPL,2018-12-26,Manchester United V Huddersfield Town,Home Win,26,Dec,2018
EPL,2018-12-26,Southampton V West Ham United,Draw,26,Dec,2018
EPL,2018-12-26,Tottenham Hotspur V Bournemouth,Draw,26,Dec,2018
EPL,2018-12-26,Watford V Chelsea,Draw,26,Dec,2018
EPL,2018-12-29,Brighton and Hove Albion V Everton,Draw,29,Dec,2018
EPL,2018-12-29,Burnley V West Ham United,Draw,29,Dec,2018
EPL,2018-12-29,Crystal Palace V Chelsea,Draw,29,Dec,2018
EPL,2018-12-29,Fulham V Huddersfield Town,Home Win,29,Dec,2018
EPL,2018-12-29,Leicester City V Cardiff City,Home Win,29,Dec,2018
EPL,2018-12-29,Liverpool V Arsenal,Home Win,29,Dec,2018
EPL,2018-12-29,Manchester United V Bournemouth,Draw,29,Dec,2018
EPL,2018-12-29,Southampton V Manchester City,Away Win,29,Dec,2018
EPL,2018-12-29,Tottenham Hotspur V Wolverhampton Wanderers,Draw,29,Dec,2018
EPL,2018-12-29,Watford V Newcastle United,Home Win,29,Dec,2018
EPL,2019-01-01,Arsenal V Fulham,Home Win,1,Jan,2019
EPL,2019-01-01,Bournemouth V Watford,Draw,1,Jan,2019
EPL,2019-01-01,Cardiff City V Tottenham Hotspur,Draw,1,Jan,2019
EPL,2019-01-01,Chelsea V Southampton,Home Win,1,Jan,2019
EPL,2019-01-01,Everton V Leicester City,Draw,1,Jan,2019
EPL,2019-01-01,Huddersfield Town V Burnley,Away Win,1,Jan,2019
EPL,2019-01-01,Manchester City V Liverpool,Home Win,1,Jan,2019
EPL,2019-01-01,Newcastle United V Manchester United,Draw,1,Jan,2019
EPL,2019-01-01,West Ham United V Brighton and Hove Albion,Home Win,1,Jan,2019
EPL,2019-01-01,Wolverhampton Wanderers V Crystal Palace,Draw,1,Jan,2019
EPL,2019-01-12,Brighton and Hove Albion V Liverpool,Draw,12,Jan,2019
EPL,2019-01-12,Burnley V Fulham,Home Win,12,Jan,2019
EPL,2019-01-12,Cardiff City V Huddersfield Town,Home Win,12,Jan,2019
EPL,2019-01-12,Chelsea V Newcastle United,Home Win,12,Jan,2019
EPL,2019-01-12,Crystal Palace V Watford,Draw,12,Jan,2019
EPL,2019-01-12,Everton V Bournemouth,Draw,12,Jan,2019
EPL,2019-01-12,Leicester City V Southampton,Home Win,12,Jan,2019
EPL,2019-01-12,Manchester City V Wolverhampton Wanderers,Home Win,12,Jan,2019
EPL,2019-01-12,Tottenham Hotspur V Manchester United,Draw,12,Jan,2019
EPL,2019-01-12,West Ham United V Arsenal,Draw,12,Jan,2019
EPL,2019-01-19,Arsenal V Chelsea,Home Win,19,Jan,2019
EPL,2019-01-19,Bournemouth V West Ham United,Draw,19,Jan,2019
EPL,2019-01-19,Fulham V Tottenham Hotspur,Draw,19,Jan,2019
EPL,2019-01-19,Huddersfield Town V Manchester City,Away Win,19,Jan,2019
EPL,2019-01-19,Liverpool V Crystal Palace,Home Win,19,Jan,2019
EPL,2019-01-19,Manchester United V Brighton and Hove Albion,Home Win,19,Jan,2019
EPL,2019-01-19,Newcastle United V Cardiff City,Home Win,19,Jan,2019
EPL,2019-01-19,Southampton V Everton,Draw,19,Jan,2019
EPL,2019-01-19,Watford V Burnley,Draw,19,Jan,2019
EPL,2019-01-19,Wolverhampton Wanderers V Leicester City,Draw,19,Jan,2019
EPL,2019-01-29,Arsenal V Cardiff City,Home Win,29,Jan,2019
EPL,2019-01-29,Bournemouth V Chelsea,Draw,29,Jan,2019
EPL,2019-01-29,Fulham V Brighton and Hove Albion,Home Win,29,Jan,2019
EPL,2019-01-29,Huddersfield Town V Everton,Away Win,29,Jan,2019
EPL,2019-01-29,Wolverhampton Wanderers V West Ham United,Draw,29,Jan,2019
EPL,2019-01-29,Manchester United V Burnley,Draw,29,Jan,2019
EPL,2019-01-30,Newcastle United V Manchester City,Away Win,30,Jan,2019
EPL,2019-01-30,Southampton V Crystal Palace,Draw,30,Jan,2019
EPL,2019-01-30,Liverpool V Leicester City,Home Win,30,Jan,2019
EPL,2019-01-30,Tottenham Hotspur V Watford,Draw,30,Jan,2019
EPL,2019-02-02,Brighton and Hove Albion V Watford,Draw,2,Feb,2019
EPL,2019-02-02,Burnley V Southampton,Home Win,2,Feb,2019
EPL,2019-02-02,Cardiff City V Bournemouth,Draw,2,Feb,2019
EPL,2019-02-02,Chelsea V Huddersfield Town,Home Win,2,Feb,2019
EPL,2019-02-02,Crystal Palace V Fulham,Home Win,2,Feb,2019
EPL,2019-02-02,Everton V Wolverhampton Wanderers,Draw,2,Feb,2019
EPL,2019-02-02,Leicester City V Manchester United,Draw,2,Feb,2019
EPL,2019-02-02,Manchester City V Arsenal,Home Win,2,Feb,2019
EPL,2019-02-02,Tottenham Hotspur V Newcastle United,Home Win,2,Feb,2019
EPL,2019-02-02,West Ham United V Liverpool,Draw,2,Feb,2019
EPL,2019-02-09,Brighton and Hove Albion V Burnley,Draw,9,Feb,2019
EPL,2019-02-09,Crystal Palace V West Ham United,Draw,9,Feb,2019
EPL,2019-02-09,Fulham V Manchester United,Draw,9,Feb,2019
EPL,2019-02-09,Huddersfield Town V Arsenal,Away Win,9,Feb,2019
EPL,2019-02-09,Liverpool V Bournemouth,Home Win,9,Feb,2019
EPL,2019-02-09,Manchester City V Chelsea,Home Win,9,Feb,2019
EPL,2019-02-09,Southampton V Cardiff City,Home Win,9,Feb,2019
EPL,2019-02-09,Tottenham Hotspur V Leicester City,Draw,9,Feb,2019
EPL,2019-02-09,Watford V Everton,Draw,9,Feb,2019
EPL,2019-02-09,Wolverhampton Wanderers V Newcastle United,Home Win,9,Feb,2019
EPL,2019-02-23,Arsenal V Southampton,Home Win,23,Feb,2019
EPL,2019-02-23,Bournemouth V Wolverhampton Wanderers,Draw,23,Feb,2019
EPL,2019-02-23,Burnley V Tottenham Hotspur,Draw,23,Feb,2019
EPL,2019-02-23,Cardiff City V Watford,Draw,23,Feb,2019
EPL,2019-02-23,Chelsea V Brighton and Hove Albion,Home Win,23,Feb,2019
EPL,2019-02-23,Everton V Manchester City,Away Win,23,Feb,2019
EPL,2019-02-23,Leicester City V Crystal Palace,Draw,23,Feb,2019
EPL,2019-02-23,Manchester United V Liverpool,Draw,23,Feb,2019
EPL,2019-02-23,Newcastle United V Huddersfield Town,Home Win,23,Feb,2019
EPL,2019-02-23,West Ham United V Fulham,Home Win,23,Feb,2019
EPL,2019-02-26,Arsenal V Bournemouth,Home Win,26,Feb,2019
EPL,2019-02-26,Cardiff City V Everton,Draw,26,Feb,2019
EPL,2019-02-26,Huddersfield Town V Wolverhampton Wanderers,Away Win,26,Feb,2019
EPL,2019-02-26,Leicester City V Brighton and Hove Albion,Home Win,26,Feb,2019
EPL,2019-02-26,Crystal Palace V Manchester United,Draw,26,Feb,2019
EPL,2019-02-27,Chelsea V Tottenham Hotspur,Home Win,27,Feb,2019
EPL,2019-02-27,Newcastle United V Burnley,Draw,27,Feb,2019
EPL,2019-02-27,Southampton V Fulham,Home Win,27,Feb,2019
EPL,2019-02-27,Liverpool V Watford,Home Win,27,Feb,2019
EPL,2019-02-27,Manchester City V West Ham United,Home Win,27,Feb,2019
EPL,2019-03-02,Bournemouth V Manchester City,Away Win,2,Mar,2019
EPL,2019-03-02,Brighton and Hove Albion V Huddersfield Town,Home Win,2,Mar,2019
EPL,2019-03-02,Burnley V Crystal Palace,Draw,2,Mar,2019
EPL,2019-03-02,Everton V Liverpool,Draw,2,Mar,2019
EPL,2019-03-02,Fulham V Chelsea,Draw,2,Mar,2019
EPL,2019-03-02,Manchester United V Southampton,Home Win,2,Mar,2019
EPL,2019-03-02,Tottenham Hotspur V Arsenal,Draw,2,Mar,2019
EPL,2019-03-02,Watford V Leicester City,Draw,2,Mar,2019
EPL,2019-03-02,West Ham United V Newcastle United,Home Win,2,Mar,2019
EPL,2019-03-02,Wolverhampton Wanderers V Cardiff City,Home Win,2,Mar,2019
EPL,2019-03-09,Arsenal V Manchester United,Home Win,9,Mar,2019
EPL,2019-03-09,Cardiff City V West Ham United,Draw,9,Mar,2019
EPL,2019-03-09,Chelsea V Wolverhampton Wanderers,Home Win,9,Mar,2019
EPL,2019-03-09,Crystal Palace V Brighton and Hove Albion,Home Win,9,Mar,2019
EPL,2019-03-09,Huddersfield Town V Bournemouth,Away Win,9,Mar,2019
EPL,2019-03-09,Leicester City V Fulham,Home Win,9,Mar,2019
EPL,2019-03-09,Liverpool V Burnley,Home Win,9,Mar,2019
EPL,2019-03-09,Manchester City V Watford,Home Win,9,Mar,2019
EPL,2019-03-09,Newcastle United V Everton,Draw,9,Mar,2019
EPL,2019-03-09,Southampton V Tottenham Hotspur,Draw,9,Mar,2019
EPL,2019-03-16,Bournemouth V Newcastle United,Home Win,16,Mar,2019
EPL,2019-03-16,Brighton and Hove Albion V Cardiff City,Home Win,16,Mar,2019
EPL,2019-03-16,Burnley V Leicester City,Draw,16,Mar,2019
EPL,2019-03-16,Everton V Chelsea,Draw,16,Mar,2019
EPL,2019-03-16,Fulham V Liverpool,Draw,16,Mar,2019
EPL,2019-03-16,Manchester United V Manchester City,Away Win,16,Mar,2019
EPL,2019-03-16,Tottenham Hotspur V Crystal Palace,Draw,16,Mar,2019
EPL,2019-03-16,Watford V Southampton,Home Win,16,Mar,2019
EPL,2019-03-16,West Ham United V Huddersfield Town,Home Win,16,Mar,2019
EPL,2019-03-16,Wolverhampton Wanderers V Arsenal,Draw,16,Mar,2019
EPL,2019-03-30,Arsenal V Newcastle United,Home Win,30,Mar,2019
EPL,2019-03-30,Brighton and Hove Albion V Southampton,Home Win,30,Mar,2019
EPL,2019-03-30,Burnley V Wolverhampton Wanderers,Draw,30,Mar,2019
EPL,2019-03-30,Cardiff City V Chelsea,Draw,30,Mar,2019
EPL,2019-03-30,Crystal Palace V Huddersfield Town,Home Win,30,Mar,2019
EPL,2019-03-30,Fulham V Manchester City,Away Win,30,Mar,2019
EPL,2019-03-30,Leicester City V Bournemouth,Draw,30,Mar,2019
EPL,2019-03-30,Liverpool V Tottenham Hotspur,Home Win,30,Mar,2019
EPL,2019-03-30,Manchester United V Watford,Draw,30,Mar,2019
EPL,2019-03-30,West Ham United V Everton,Draw,30,Mar,2019
EPL,2019-04-06,Bournemouth V Burnley,Draw,6,Apr,2019
EPL,2019-04-06,Chelsea V West Ham United,Home Win,6,Apr,2019
EPL,2019-04-06,Everton V Arsenal,Draw,6,Apr,2019
EPL,2019-04-06,Huddersfield Town V Leicester City,Away Win,6,Apr,2019
EPL,2019-04-06,Manchester City V Cardiff City,Home Win,6,Apr,2019
EPL,2019-04-06,Newcastle United V Crystal Palace,Draw,6,Apr,2019
EPL,2019-04-06,Southampton V Liverpool,Draw,6,Apr,2019
EPL,2019-04-06,Tottenham Hotspur V Brighton and Hove Albion,Home Win,6,Apr,2019
EPL,2019-04-06,Watford V Fulham,Home Win,6,Apr,2019
EPL,2019-04-06,Wolverhampton Wanderers V Manchester United,Draw,6,Apr,2019
EPL,2019-04-13,Brighton and Hove Albion V Bournemouth,Draw,13,Apr,2019
EPL,2019-04-13,Burnley V Cardiff City,Home Win,13,Apr,2019
EPL,2019-04-13,Crystal Palace V Manchester City,Away Win,13,Apr,2019
EPL,2019-04-13,Fulham V Everton,Draw,13,Apr,2019
EPL,2019-04-13,Leicester City V Newcastle United,Home Win,13,Apr,2019
EPL,2019-04-13,Liverpool V Chelsea,Home Win,13,Apr,2019
EPL,2019-04-13,Manchester United V West Ham United,Draw,13,Apr,2019
EPL,2019-04-13,Southampton V Wolverhampton Wanderers,Draw,13,Apr,2019
EPL,2019-04-13,Tottenham Hotspur V Huddersfield Town,Home Win,13,Apr,2019
EPL,2019-04-13,Watford V Arsenal,Draw,13,Apr,2019
EPL,2019-04-20,Arsenal V Crystal Palace,Home Win,20,Apr,2019
EPL,2019-04-20,Bournemouth V Fulham,Home Win,20,Apr,2019
EPL,2019-04-20,Cardiff City V Liverpool,Draw,20,Apr,2019
EPL,2019-04-20,Chelsea V Burnley,Home Win,20,Apr,2019
EPL,2019-04-20,Everton V Manchester United,Draw,20,Apr,2019
EPL,2019-04-20,Huddersfield Town V Watford,Away Win,20,Apr,2019
EPL,2019-04-20,Manchester City V Tottenham Hotspur,Home Win,20,Apr,2019
EPL,2019-04-20,Newcastle United V Southampton,Home Win,20,Apr,2019
EPL,2019-04-20,West Ham United V Leicester City,Draw,20,Apr,2019
EPL,2019-04-20,Wolverhampton Wanderers V Brighton and Hove Albion,Home Win,20,Apr,2019
EPL,2019-04-27,Brighton and Hove Albion V Newcastle United,Home Win,27,Apr,2019
EPL,2019-04-27,Burnley V Manchester City,Away Win,27,Apr,2019
EPL,2019-04-27,Crystal Palace V Everton,Draw,27,Apr,2019
EPL,2019-04-27,Fulham V Cardiff City,Home Win,27,Apr,2019
EPL,2019-04-27,Leicester City V Arsenal,Draw,27,Apr,2019
EPL,2019-04-27,Liverpool V Huddersfield Town,Home Win,27,Apr,2019
EPL,2019-04-27,Manchester United V Chelsea,Draw,27,Apr,2019
EPL,2019-04-27,Southampton V Bournemouth,Draw,27,Apr,2019
EPL,2019-04-27,Tottenham Hotspur V West Ham United,Draw,27,Apr,2019
EPL,2019-04-27,Watford V Wolverhampton Wanderers,Draw,27,Apr,2019
EPL,2019-05-04,Arsenal V Brighton and Hove Albion,Home Win,4,May,2019
EPL,2019-05-04,Bournemouth V Tottenham Hotspur,Draw,4,May,2019
EPL,2019-05-04,Cardiff City V Crystal Palace,Draw,4,May,2019
EPL,2019-05-04,Chelsea V Watford,Home Win,4,May,2019
EPL,2019-05-04,Everton V Burnley,Draw,4,May,2019
EPL,2019-05-04,Huddersfield Town V Manchester United,Away Win,4,May,2019
EPL,2019-05-04,Manchester City V Leicester City,Home Win,4,May,2019
EPL,2019-05-04,Newcastle United V Liverpool,Draw,4,May,2019
EPL,2019-05-04,West Ham United V Southampton,Home Win,4,May,2019
EPL,2019-05-04,Wolverhampton Wanderers V Fulham,Home Win,4,May,2019
EPL,2019-05-12,Brighton and Hove Albion V Manchester City,Away Win,12,May,2019
EPL,2019-05-12,Burnley V Arsenal,Draw,12,May,2019
EPL,2019-05-12,Crystal Palace V Bournemouth,Draw,12,May,2019
EPL,2019-05-12,Fulham V Newcastle United,Home Win,12,May,2019
EPL,2019-05-12,Leicester City V Chelsea,Draw,12,May,2019
EPL,2019-05-12,Liverpool V Wolverhampton Wanderers,Home Win,12,May,2019
EPL,2019-05-12,Manchester United V Cardiff City,Home Win,12,May,2019
EPL,2019-05-12,Southampton V Huddersfield Town,Home Win,12,May,2019
EPL,2019-05-12,Tottenham Hotspur V Everton,Draw,12,May,2019
EPL,2019-05-12,Watford V West Ham United,Draw,12,May,2019
